{
    "mse": 0.7109633281290403,
    "r2": 0.2896592199274196
}